{"AlOMNtfUTReO9EwQsXNrlQ==":"mbr-720x1080.jpg","RzmWOJw2TWvvpqp1V/TAMg==":"logo-300x115.png","A3MQKRiLS8gMm2ZYZTRbEA==":"opl-parallax-universe-1200x500.jpg","+1zT9Kk1zG5ENjYV3GE1/w==":"13902719_306474083035876_3595385779961955110_n-853x641.png","6VfV/1T/Li1ApWcl0Ax79w==":"13902719_306474083035876_3595385779961955110_n-1-853x641.png","2UrYb1k+gSCKSRd4EBw/mA==":"13902719_306474083035876_3595385779961955110_n-2-853x641.png","FqCqQp2k0iOZdSLq22BG6A==":"13902721_306475163035768_7255195696784866340_n-833x624.png","L97Oxil/g6py/US3q95vIA==":"services-2000x600.jpg","ZNh4x/TWEFUueyDuQd3DbQ==":"bg-parallax-5-1920x801.jpg","UOpsF0S3NZNftu5LMEZqJA==":"24879981_687577641438287_6528107014836919574_o-1239x720.jpg","0RDhlSnaYBzdjNorMnoPoQ==":"23845816_682708261925225_5475150695904864628_o-2000x1125.jpg","3uJjgkhvsWamoiMZi8MWbA==":"1-852x480.jpg","B7ENAKf0NfVNZhX+IZrGng==":"1-1-852x480.jpg","TIkmqVksEFQEf0t0sO/oaQ==":"1-2-852x480.jpg","HnvTmKDZ2bVXt+ZZdnHr3Q==":"1-3-852x480.jpg","3mYOSupms9zF7LXZwZKdog==":"images-231x218.jpg","PgQZB+PC7hOYY5vIRqk3Hg==":"1486664612310-1280x852.jpg","aHa+3beZHC4EYSnmqfebNg==":"mbr-1663x1080.jpg","BSEpRP2+CnJRQVW/IgZc/Q==":"parallax-background-light-03-1-1920x1200.jpg","/S70Me5+kWhPWRvilEQ9pA==":"mbr-1617x1080.jpg","LWCsvwN8Y2r7rY0I7lvHTw==":"mbr-1438x1080.jpg","NgkhqKZtY8kn3UjegQI67w==":"mbr-1440x1080.jpg","vOA08lyoFJFAe31WJV1QCg==":"mbr-1-720x1080.jpg","tgZYyhSdxTwp5g/Wnq0C2w==":"mbr-1620x1080.jpg","3pZJv3u6zWY8XU1/Zc+EqQ==":"education-resume-849x565.jpg","EuSH+cO3ZZEOMc6UjkUU6g==":"education-resume-1-849x565.jpg","ZyZpuYtWs5J/399uvuMu6w==":"education-website-design-&-development-400x215.png","pokSBj/g5qPcTG/sC9bHIw==":"mbr-1623x1080.jpg","OGgTOhA5UTQ4Rucr2CiwAQ==":"mbr-1442x1080.jpg","h5TmDb/Z+sx96CZterBx5A==":"mbr-1-1438x1080.jpg","HvMiRA2ytqX3cqZFNdyrYg==":"mbr-2-1438x1080.jpg","ZN0jgt11f7I9QFsoD6ezZg==":"mbr-3-1438x1080.jpg","0fpfnYUWPwXmBPldYQ5/4w==":"mbr-1618x1080.jpg","gHkLq87TQgWignGATIsfOg==":"mbr-1-1618x1080.jpg","cCBrL9SHkpKYoW0fIPBhUg==":"mbr-2-1618x1080.jpg","l3tPhIy2/OmQfySW+7OLjg==":"mbr-3-1618x1080.jpg","BOo+VK1zVX5SVITIPLsYPw==":"mbr-1-1620x1080.jpg","Pv5H13tAkS3fY3eZBjHIZg==":"mbr-2-1620x1080.jpg","e/UM2+JNTnxgJz0baGVbxA==":"mbr-3-1620x1080.jpg","ZBBvHJNTXXc7rbKCqFPJUQ==":"mbr-4-1620x1080.jpg","7JnxNXtDNPyM+/gZf35Arw==":"mbr-4-1618x1080.jpg","RNlQi55e5vC3+Ik+Qtuw8A==":"mbr-5-1620x1080.jpg","TFwFuzDRE+GDIS1swiX6LQ==":"mbr-4-1438x1080.jpg","s9crUAWm91P8DESIlTBtNw==":"mbr-6-1620x1080.jpg","b2rFJWaeYBfASbgWWc6gZA==":"mbr-7-1620x1080.jpg","HBZPwboU4RnHQcsBHY3h+Q==":"mbr-1-1623x1080.jpg","xSQ3yJAxRfqFlxiioJbBGQ==":"mbr-8-1620x1080.jpg","lpJC2jD0CIP40n2Ba7oUjA==":"mbr-1-1440x1080.jpg","mBUit+Ng7bsG+3P0EFNNuQ==":"mbr-1610x1080.jpg","6az68i0IJNjQOHpxWb+vhA==":"mbr-1920x873.jpg","plKhq9uHWIyHoxFtwL2m4Q==":"mbr-1622x1080.jpg","NG0ETZ2kOWTMkDZAIUuMrg==":"mbr-9-1620x1080.jpg","+pvwvqy3NkKibH/iNrMr0A==":"mbr-1919x1080.jpg","X1y0PLsD4ok7pOK0qFiJyQ==":"image1-240x324.jpg","PXiGfmMkJYMpMqFuOHsw5A==":"image2-640x864.jpg","lzd3KnvRdXClyrm06GBp5A==":"image4-357x484.png","fAVWFyrdkGNXL1wre4Zeuw==":"image5-220x297.jpg","oFukERzfH+lpHU1bohOe6w==":"mbr-10-1620x1080.jpg","vJeIFDYLjwAhHlGuQp1mIQ==":"mbr-11-1620x1080.jpg","mc0vre96bBylC6V1SAwZyg==":"mbr-5-1618x1080.jpg"}